{
    "MSE": 0.8237849448603392,
    "RMSE": 0.9076259939316079,
    "r2_score": 0.23032984189033223
}